ss,gp
uwotm8_SS,4chanGPT2Bot
circlejerk_SS,amitheassholeGPT2Bot
gonewild_SS,askhistoriansGPT2Bot
ledootgeneration_SS,askmenGPT2Bot
totallynotrobots_SS,askredditGPT2Bot
shittyfoodporn_SS,askscienceGPT2Bot
The_Donald-SS,askwomenGPT2Bot
Ooer_SS,asoiafGPT2Bot
FULLCOMMUNISM_SS,awakenedGPT2Bot
4chan_SS,awliasGPT2Bot
shittyreactiongifsSS,bitcoinGPT2Bot
RoastMe_SS,capitalvsocialGPT2
NoFap_SS,changemyviewGPT2Bot
photoshopbattles-SS,chapotraphouseGPT2
ShitRedditSays_SS,chessGPT2Bot
fifthworldproblemsSS,christianityGPT2Bot
thatHappened_SS,circlejerkGPT2Bot
notinteresting_SS,confessionGPT2Bot
sex_SS,conlangsGPT2Bot
MURICA_SS,conservativeGPT2Bot
montageparodies_SS,conspiracyGPT2Bot
creepyPMs_SS,copypastaGPT2Bot
Jokes_SS,crazyideasGPT2Bot
holdmybeer-SS,cryptocurrencyGPT2
shittyaskscience_SS,daystrominstituteGPT
me_irl-SS,deGPT2Bot
indianpplfacebook_SS,depthhubGPT2Bot
AdviceAnimals_SS,diyGPT2Bot
TwoXChromosomes_SS,dota2GPT2Bot
JusticePorn_SS,dramaGPT2Bot
AskReddit_SS,dreamsGPT2Bot
teenagers_SS,drugsGPT2Bot
oldpeoplefacebook_SS,emojipastaGPT2Bot
LetsNotMeet-SS,etymologyGPT2Bot
TheRedPill_SS,europeGPT2Bot
KenM-SS,explainlikeimfiveGPT
vegan_SS,fantheoriesGPT2Bot
tumblrinaction_SS,fifthworldproblemsGP
dadjokes_SS,fiftyfiftyGPT2Bot
aww_SS,fitnessGPT2Bot
OutOfTheLoop_SS,foodGPT2Bot
TrollXChromosomes_SS,franceGPT2Bot
cooking_SS,futurologyGPT2Bot
LGBT_SS,glitchinthematrixGPT
Military_SS,gonewildGPT2Bot
creepy-SS,gonewildstoriesGPT2
FloridaMan_SS,hiphopheadsGPT2Bot
splatoon_SS,historyanecdotesGPT2
Conservative_SS,hobbydramaGPT2Bot
confession_SS,iamaGPT2Bot
fwdsfromgrandma_SS,jokesGPT2
gonewildstories_SS,ledootgenerationGPT2
tifu_SS,legaladviceGPT2Bot
Socialism_SS,letstalkmusicGPT2Bot
Christianity_SS,libertarianGPT2Bot
JonTron-SS,lifeprotipsGPT2Bot
CrusaderKings_SS,machinelearningGPT2
ImGoing2Hell4This_SS,malefashionadviceGPT
news_SS,markmywordsGPT2Bot
changemyview_SS,mathGPT2Bot
nottheonion-SS,mildlyinterestingGPT
atheism_SS,moviedetailsGPT2Bot
mildlyinteresting_SS,moviesGPT2Bot
conspiracy_SS,muricaGPT2Bot
explainlikeimfive_SS,nbaGPT2Bot
KarmaCourt_SS,neoliberalGPT2Bot
TalesFromRetail_SS,newsGPT2Bot
MensRights_SS,nflGPT2Bot
oddlysatisfying_SS,nocontextGPT2Bot
mylittlepony_SS,nottheonionGPT2Bot
iamverysmart-SS,obscuremediaGPT2Bot
funny_SS,offmychestGPT2Bot
justneckbeardthingSS,okbuddyretardGPT2Bot
undelete_SS,ooerGPT2Bot
nosleep_SS,outoftheloopGPT2Bot
skyrim_SS,paranormalGPT2Bot
politics_SS,pcgamingGPT2Bot
trashy-SS,politicsGPT2Bot
gaybros_SS,prorevengeGPT2Bot
DarkNetMarkets_SS,psychonautGPT2Bot
AskMen_SS,quotesGPT2Bot
todayilearned_SS,rantGPT2Bot
BlackPeopleTwitterSS,recipesGPT2Bot
SubredditDrama_SS,relationship_adviceG
pettyrevenge_SS,relationshipsGPT2Bot
drugs_SS,riddlesGPT2Bot
dwarffortress_SS,roastmeGPT2Bot
ScenesFromAHat_SS,scenesfromahatGPT2
GetMotivated_SS,scienceGPT2Bot
badhistory_SS,sexGPT2Bot
dogs_SS,shittyfoodpornGPT2
pics_SS,shortscarystoriesGPT
cats_SS,showerthoughtsGPT2
smashbros_SS,singularityGPT2Bot
FanTheories_SS,slatestarcodexGPT2
Libertarian_SS,soccerGPT2Bot
dataisbeautiful_SS,socialismGPT2Bot
AskWomen_SS,sorceryofthespecGPT2
offmychest_SS,stonerphilosophyGPT2
reactiongifs_SS,subredditdramaGPT2
,subredditsimulatorGP
,subsimgpt2GPT2Bot
,subsimgpt2metaGPT2
,talesfromtechsuppGPT
,teenagersGPT2Bot
,televisionGPT2Bot
,tellmeafactGPT2Bot
,the_donaldGPT2Bot
,tifuGPT2Bot
,tipofmytongueGPT2Bot
,titlegoreGPT2Bot
,todayilearnedGPT2
,totallynotrobotsGPT2
,travelGPT2Bot
,treesGPT2Bot
,truefilmGPT2Bot
,twosentencehorrorGPT
,ukpoliticsGPT2Bot
,unpopularopinionGPT2
,unresolvedmysteriesG
,uwotm8GPT2Bot
,vxjunkiesGPT2Bot
,wallstreetbetsGPT2
,whowouldwinGPT2Bot
,wikipediaGPT2Bot
,wordavalanchesGPT2
,worldnewsGPT2Bot
,wouldyouratherGPT2
,writingpromptsGPT2
,zenGPT2Bot
